,CDR3,CDR3_end,ext,default_allele,gene_type,full
TRAJ1*01,YESITSQLQF,QLQF,GKG,*01,ORF,YESITSQLQFGKGTRVSTSP
TRAJ10*01,ILTGGGNKLTF,KLTF,GTG,*01,F,ILTGGGNKLTFGTGTQLKVEL
TRAJ11*01,NSGYSTLTF,TLTF,GKG,*01,F,NSGYSTLTFGKGTMLLVSP
TRAJ12*01,MDSSYKLIF,KLIF,GSG,*01,F,MDSSYKLIFGSGTRLLVRP
TRAJ13*01,NSGGYQKVTF,KVTF,GIG,*01,F,NSGGYQKVTFGIGTKLQVIP
TRAJ13*02,NSGGYQKVTF,KVTF,GTG,*02,F,NSGGYQKVTFGTGTKLQVIP
TRAJ14*01,IYSTFIF,TFIF,GSG,*01,F,IYSTFIFGSGTRLSVKP
TRAJ15*01,NQAGTALIF,ALIF,GKG,*01,F,NQAGTALIFGKGTTLSVSS
TRAJ15*02,NQAGTALIF,ALIF,GKG,*02,F,NQAGTALIFGKGTHLSVSS
TRAJ16*01,FSDGQKLLF,KLLF,ARG,*01,F,FSDGQKLLFARGTMLKVDL
TRAJ16*02,FSDGQKLLF,KLLF,ARG,*02,F,FSDGQKLLFARGTMLKVDL
TRAJ17*01,IKAAGNKLTF,KLTF,GGG,*01,F,IKAAGNKLTFGGGTRVLVKP
TRAJ18*01,DRGSTLGRLYF,RLYF,GRG,*01,F,DRGSTLGRLYFGRGTQLTVWP
TRAJ19*01,YQRFYNFTF,NFTF,GKG,*01,ORF,YQRFYNFTFGKGSKHNVTP
TRAJ2*01,NTGGTIDKLTF,KLTF,GKG,*01,ORF,NTGGTIDKLTFGKGTHVFIIS
TRAJ20*01,SNDYKLSF,KLSF,GAG,*01,F,SNDYKLSFGAGTTVTVRA
TRAJ21*01,YNFNKFYF,KFYF,GSG,*01,F,YNFNKFYFGSGTKLNVKP
TRAJ22*01,SSGSARQLTF,QLTF,GSG,*01,F,SSGSARQLTFGSGTQLTVLP
TRAJ23*01,IYNQGGKLIF,KLIF,GQG,*01,F,IYNQGGKLIFGQGTELSVKP
TRAJ23*02,IYNQGGKLIF,KLIF,GQG,*02,F,IYNQGGKLIFGQGTELSVKP
TRAJ24*01,TTDSWGKFEF,KFEF,GAG,*01,F,TTDSWGKFEFGAGTQVVVTP
TRAJ24*02,TTDSWGKLQF,KLQF,GAG,*02,F,TTDSWGKLQFGAGTQVVVTP
TRAJ24*03,TTDSWGKFQF,KFQF,GAG,*03,F,TTDSWGKFQFGAGTQVVVTP
TRAJ25*01,EGQGFSFIF,SFIF,GKG,*01,ORF,EGQGFSFIFGKGTRLLVKP
TRAJ26*01,DNYGQNFVF,NFVF,GPG,*01,F,DNYGQNFVFGPGTRLSVLP
TRAJ27*01,NTNAGKSTF,KSTF,GDG,*01,F,NTNAGKSTFGDGTTLTVKP
TRAJ28*01,YSGAGSYQLTF,QLTF,GKG,*01,F,YSGAGSYQLTFGKGTKLSVIP
TRAJ29*01,NSGNTPLVF,PLVF,GKG,*01,F,NSGNTPLVFGKGTRLSVIA
TRAJ3*01,GYSSASKIIF,KIIF,GSG,*01,F,GYSSASKIIFGSGTRLSIRP
TRAJ30*01,NRDDKIIF,KIIF,GKG,*01,F,NRDDKIIFGKGTRLHILP
TRAJ31*01,NNNARLMF,RLMF,GDG,*01,F,NNNARLMFGDGTQLVVKP
TRAJ32*01,NYGGATNKLIF,KLIF,GTG,*01,F,NYGGATNKLIFGTGTLLAVQP
TRAJ32*02,NYGGATNKLIF,KLIF,GTG,*02,F,NYGGATNKLIFGTGTLLAVQP
TRAJ33*01,DSNYQLIW,QLIW,GAG,*01,F,DSNYQLIWGAGTKLIIKP
TRAJ34*01,SYNTDKLIF,KLIF,GTG,*01,F,SYNTDKLIFGTGTRLQVFP
TRAJ35*01,IGFGNVLHC,VLHC,GSG,*01,F,IGFGNVLHCGSGTQVIVLP
TRAJ36*01,QTGANNLFF,NLFF,GTG,*01,F,QTGANNLFFGTGTRLTVIP
TRAJ37*01,GSGNTGKLIF,KLIF,GQG,*01,F,GSGNTGKLIFGQGTTLQVKP
TRAJ37*02,GSSNTGKLIF,KLIF,GQG,*02,F,GSSNTGKLIFGQGTTLQVKP
TRAJ38*01,NAGNNRKLIW,KLIW,GLG,*01,F,NAGNNRKLIWGLGTSLAVNP
TRAJ39*01,NNNAGNMLTF,MLTF,GGG,*01,F,NNNAGNMLTFGGGTRLMVKP
TRAJ4*01,FSGGYNKLIF,KLIF,GAG,*01,F,FSGGYNKLIFGAGTRLAVHP
TRAJ40*01,TTSGTYKYIF,KYIF,GTG,*01,F,TTSGTYKYIFGTGTRLKVLA
TRAJ41*01,NSNSGYALNF,ALNF,GKG,*01,F,NSNSGYALNFGKGTSLLVTP
TRAJ42*01,NYGGSQGNLIF,NLIF,GKG,*01,F,NYGGSQGNLIFGKGTKLSVKP
TRAJ43*01,NNNDMRF,DMRF,GAG,*01,F,NNNDMRFGAGTRLTVKP
TRAJ44*01,NTGTASKLTF,KLTF,GTG,*01,F,NTGTASKLTFGTGTRLQVTL
TRAJ45*01,YSGGGADGLTF,GLTF,GKG,*01,F,YSGGGADGLTFGKGTHLIIQP
TRAJ46*01,KKSSGDKLTF,KLTF,GTG,*01,F,KKSSGDKLTFGTGTRLAVRP
TRAJ47*01,EYGNKLVF,KLVF,GAG,*01,F,EYGNKLVFGAGTILRVKS
TRAJ47*02,EYGNKLVF,KLVF,GAG,*02,(F),EYGNKLVFGAGTILRVKS
TRAJ48*01,SNFGNEKLTF,KLTF,GTG,*01,F,SNFGNEKLTFGTGTRLTIIP
TRAJ49*01,NTGNQFYF,QFYF,GTG,*01,F,NTGNQFYFGTGTSLTVIP
TRAJ5*01,DTGRRALTF,ALTF,GSG,*01,F,DTGRRALTFGSGTRLQVQP
TRAJ50*01,KTSYDKVIF,KVIF,GPG,*01,F,KTSYDKVIFGPGTSLSVIP
TRAJ51*01,MRDSYEKLIF,KLIF,GKE,*01,P,MRDSYEKLIFGKET*LTVKP
TRAJ52*01,NAGGTSYGKLTF,KLTF,GQG,*01,F,NAGGTSYGKLTFGQGTILTVHP
TRAJ53*01,NSGGSNYKLTF,KLTF,GKG,*01,F,NSGGSNYKLTFGKGTLLTVNP
TRAJ54*01,IQGAQKLVF,KLVF,GQG,*01,F,IQGAQKLVFGQGTRLTINP
TRAJ55*01,KCW*CSCW,CSCW,GKG,*01,P,KCW*CSCWGKGMSTKINP
TRAJ56*01,YTGANSKLTF,KLTF,GKG,*01,F,YTGANSKLTFGKGITLSVRP
TRAJ57*01,TQGGSEKLVF,KLVF,GKG,*01,F,TQGGSEKLVFGKGTKLTVNP
TRAJ58*01,*ETSGSRLTF,RLTF,GEG,*01,ORF,*ETSGSRLTFGEGTQLTVNP
TRAJ59*01,KEGNRKFTF,KFTF,GMG,*01,ORF,KEGNRKFTFGMGTQVRVKL
TRAJ6*01,ASGGSYIPTF,IPTF,GRG,*01,F,ASGGSYIPTFGRGTSLIVHP
TRAJ60*01,KIT*MLNF,MLNF,GKG,*01,P,KIT*MLNFGKGTELIVSL
TRAJ61*01,YRVNRKLTF,KLTF,GAN,*01,ORF,YRVNRKLTFGANTRGIMKL
TRAJ7*01,DYGNNRLAF,RLAF,GKG,*01,F,DYGNNRLAFGKGNQVVVIP
TRAJ8*01,NTGFQKLVF,KLVF,GTG,*01,F,NTGFQKLVFGTGTRLLVSP
TRAJ8*02,NTGFQKLVF,KLVF,GTG,*02,P,NTGFQKLVFGTGT*LLVSP
TRAJ9*01,GNTGGFKTIF,KTIF,GAG,*01,F,GNTGGFKTIFGAGTRLFVKA
