,CDR1,CDR2,CDR3,default_allele,gene_type,full
TRAV1,TSG--FNG,VVL--DGL,CAVR,*01,F,GQGVEQ-P-DNLMSVEGTFARVNCTYSTSG------FNGLSWYQQREGHAPVFLSYVVL----DGLKDS-----GHFSTFLSRSN-GYSYLLLTELQIKDSASYLCAVR
TRAV10,DTA--SSY,IRSN-VDR,CAAS,*01,F,GEKVEQHE-STLSVREGDSAVINCTYTDTA------SSYFPWYKQEAGKGLHFVIDIRSN---VDRKQS-----QRLIVLLDKKA-KRFSLHITATQPEDSAIYFCAAS
TRAV10D,DTA--SSY,IRSN-VDR,CAAS,*01,F,GEKVEQHQ-STLSVREGDSAVINCTYTDTA------SSYFPWYKQEAGKSLHFVIDIRSN---VDRKQS-----QRLTVLLDKKA-KRFSLHITATQPEDSAIYFCAAS
TRAV10N,DTA--SSY,IRSN-VDR,CAAS,*01,F,GEKVEQHE-STLSVREGDSAVINCTYTDTA------SSYFPWYKQEAGKSLHFVIDIRSN---VDRKQS-----QRLTVLLDKKA-KRFSLHITATQPEDSAIYFCAAS
TRAV11,VTP--DNH,LVHE-NDK,CVVG,*01,F,KTQVEQSP-QSLVVRQGENCVLQCNYSVTP------DNHLRWFKQDTGKGLVSLTVLVHE---NDKTSN-----GRYSATLDKDA-KHSTLHITATLLDDTATYICVVG
TRAV11D,VTP--DNH,LVHE-NDK,CVVG,*01,F,KTQVEQSP-QSLVVRQGENCVLQCNYSVTP------DNHLRWFKQDTGKGLVSLTVLVHE---NDKTSN-----GRYSATLDKDA-KHSTLHITATLLDDTATYICVVG
TRAV11N,VTP--DNH,LVHQ-KDK,CVVG,*01,P,KTQVEQSP-QSLVVRQGENCVLQCN*SVTP------DNHLRWFKQDTGKGLVSLTVLVHQ---KDKTSN-----GRYSATLDRDA-KHSTLHITATLLDDTATYICVVG
TRAV12-1,TAYS-DVA,SSTD-NKR,CALS,*01,F,GDSVTQTE-GLVTVTEGLPVMLNCTYQTAYS-----DVAFFWYVQYLNEAPKLLLRSSTD---NKRTEH-----QGFHATLHKSS-SSFHLQKSSVQLSDSALYYCALS
TRAV12-2,TAY--STF,SSTD-NKR,CALS,*01,F,GDSVTQTE-GLVTLTEGLPVMLNCTYQTAY------STFLFWYVQHLNEAPKLLLKSSTD---NKRTEH-----QGFHATLHKSS-SSFHLQKSSAQLSDSALYYCALS
TRAV12-3,TIYS-NPF,SSTD-NKR,CALS,*01,F,GDSVTQTE-GLVTLTEGLPVMLNCTYQTIYS-----NPFLFWYVHYLNESPRLLLKSSTD---NKRTEH-----QGFHATLHKSS-SSFHLQKSSAQLSDSALYYCALS
TRAV12D-1,TTYL-TIA,SSTD-NKR,CALS,*01,F,GDSVTQTE-GLVTVTEGLPVKLNCTYQTTYL-----TIAFFWYVQYLNEAPQVLLKSSTD---NKRTEH-----QGFHATLHKSS-SSFHLQKSSAQLSDSALYYCALS
TRAV12D-2,STY--SPF,SFTD-NKR,CALS,*01,F,GDSVTQTE-GLVTLTEGLPVMLNCTYQSTY------SPFLFWYVQHLNEAPKLLLKSFTD---NKRPEH-----QGFHATLHKSS-SSFHLQKSSAQLSDSALYYCALS
TRAV12D-3,TIYS-NPY,NFTD-NKR,CALS,*01,(ORF),-DSVTQTE-GLVTLTEGLPVMLNSTYQTIYS-----NPYLFWYVQHLNESPRLLLKNFTD---NKRTEH-----QGFHATLHKSS-SSSHLQKSSAQLSDSALYCCALS
TRAV12N-1,TAYS-DVA,SSTD-NKR,CALS,*01,F,GDSVTQTE-GLVTVTEGLPVMLNCTYQTAYS-----DVAFFWYVQYLNEAPKLLLRSSTD---NKRTEH-----QGFHATLHKSS-SSFHLQKSSVQLSDSALYYCALS
TRAV12N-2,TTY--SPF,SSTD-NKR,CALS,*01,F,GDSVTQTE-GLVTLTKGLPVMLNCTYQTTY------SPFLFWYVQHLNEAPKLLLKSSTD---NKRTEH-----QGFYATLHKSS-SSFHLQKSSVQLSDSALYFCALS
TRAV12N-3,TIYS-NPF,SFTD-NKR,CALS,*01,F,GDSVTQTE-GLVTLTEGLPVMLNCTYQTIYS-----NPFLFWYVQHLNESPRLLLKSFTD---NKRTEH-----QGFHATLHKSS-SSFHLQKSSAQLSDSALYYCALS
TRAV13-1,TSL---NS,NPS---GT,CAME,*01,F,GQQVQQSP-ASLVLQEGENAELQCNFSTSL-------NSMQWFYQRPEGSLVSLFYNPS-----GTKQS-----GRLTSTTVIKE-RRSSLHISSSQITDSGTYLCAME
TRAV13-2,STA---TQ,NPS---GT,CAID,*01,F,GQQVQQSP-SSLVLQEGENAELQCNFSSTA-------TQLQWFYQSPGGSLVSLLSNPS-----GTKHT-----GRLTSTTVTKE-RRSSLHISSSQTTDSGTYLCAID
TRAV13-3,TTL---NS,SPS--WAE,CAME,*01,F,GQQVQQSP-ASLVLQEGENAELQCTYSTTL-------NSMQWFYQRPGGRLVSLLYSPS----WAEQRG-----GRLTSSAASNE-SRSSLHISSSQITDSGTYLCAME
TRAV13-4/DV7,STA---TQ,NPS---GT,CAME,*01,F,GQQVQQSP-ASLVLQEGENAELQCNFSSTA-------TQLQWFYQRPGGSLVSLLYNPS-----GTKHT-----GRLTSTTVTKE-RRSSLHISSSQITDSGTYFCAME
TRAV13-5,IST---NQ,IP----GM,CVLS,*01,F,GQQVQQSP-ASLVLQEGENAELQCSFSIST-------NQVQWFYQRPGGRLIGLSYIP------GMKPT-----GKQTSSTVTKG-RHSSLTISSSQTTDSGTYFCVLS
TRAV13D-1,TSL---NS,NPS---GT,CAME,*01,F,GQQVQQSP-ASLVLQEGENAELQCNFSTSL-------NSMQWFYQRPGGSLVSLFYNPS-----GTKQS-----GRLTSTTVIKE-RRSSLHISSSQTTDSGTYLCAME
TRAV13D-2,STA---TR,NPS---GT,CAID,*01,F,GQQVQQSP-ASLVLQEGENAELQCNFSSTA-------TRLQWFYQHPGGRLVSLFYNPS-----GTKHT-----GRLTSTTVTNE-RRGSLHISSSQTTDSGTYFCAID
TRAV13D-3,TTL---NS,SPS--WAE,CAME,*01,F,GQQVEQSP-ASLVLQEGENAELQCTYSTTL-------NSMQWFYQRPGGRLVSLLYSPS----WAEQRG-----GRLTSSAASNE-SRSSLHISSSQITDSGTYLCAME
TRAV13D-4,IFT---NQ,NPS---GT,CAME,*01,F,EQQVQQSP-ASLVLQEGENAELQCSFSIFT-------NQVQWFYQRPGGRLVSLLYNPS-----GTKQS-----GRLTSTTVIKE-RRSSLHISSSQITDSGTYLCAME
TRAV13N-1,TSL---NS,NPS---GT,CAME,*01,F,GQQVQQSP-TSLVLQEGENAELQCNFSTSL-------NSMQWFYQRPGGSLISVFYNPS-----GTKQS-----GRLTSTTVIKE-RRSSLHISSSQITDSGTYLCAME
TRAV13N-2,STA---TQ,NPS---GT,CAID,*01,F,GQQVQQSP-ASLVLQEGENAELQCNFSSTA-------TQLQWFYQSPGGSLVSLLSNPS-----GTKHT-----GRLTSTTVTKE-RRSSLHISSSQTTDSGTYLCAID
TRAV13N-3,TTL---NS,SPS--WAE,CAME,*01,F,GQQVQQSPPASLVLQEGENAELQCTYSTTL-------NSMQWFYQRPGGRLVSLLYSPS----WAEQRG-----GRLTSSAASNE-SRSSLHISSSQITDSGTYLCAME
TRAV13N-4,IFT---NQ,NPS---GT,CAME,*01,F,EQQVQQSP-ASLVLQEAENAELQCSFSIFT-------NQVQWFYQRPGGRLVSLLYNPS-----GTKQS-----GRLTSTTVIKE-RRSSLHISSSQITDSGTYLCAME
TRAV14-1,DST--FNY,ILSV-SDK,CAAS,*01,F,QQQVRQSP-QSLTVWEGGTTVLTCSYEDST------FNYFPWYQQFPGEGPALLISILSV---SDKKED-----GRFTTFFNKRE-KKLSLHIIDSQPGDSATYFCAAS
TRAV14-2,DST--FDY,IRPV-SNK,CAAS,*01,F,QQQVRQSP-QSLTVWEGETAILNCSYEDST------FDYFPWYWQFPRESPALLIAIRPV---SNKKED-----GRFTIFFNKRE-KKLSLHITDSQPGDSATYFCAAS
TRAV14-3,NSA--FDY,ILSV-SDK,CAAS,*01,F,QQQVRQSP-QSLTVWEGETAILNCSYENSA------FDYFPWYQQFPGEGPALLISILSV---SDKKED-----GRFTIFFNKRE-KKLSLHIADSQPGDSATYFCAAS
TRAV14D-1,DST--FNY,IRSV-SDK,CAAS,*01,F,QQQVRQSP-QSLTVWEGETAILNCSYEDST------FNYFPWYQQFPGEGPALLISIRSV---SDKKED-----GRFTIFFNKRE-KKLSLHITDSQPGDSATYFCAAS
TRAV14D-2,DST--FDY,ISLV-SNK,CAAS,*01,F,QQQVRQSP-QSLTVWEGETTILNCSYEDST------FDYFPWYRQFPGKSPALLIAISLV---SNKKED-----GRFTIFFNKRE-KKLSLHITDSQPGDSATYFCAAS
TRAV14D-3/DV8,NSA--FDY,IRSV-SDK,CAAS,*01,F,QQQVRQSS-QSLTVWEGETAILNCSYENSA------FDYFPWYQQFPGEGPALLIAIRSV---SDKKED-----GRFTIFFNKRE-KNLSLHIKDSQPGDSATYFCAAS
TRAV14N-1,DST--FNY,IRSV-SDK,CAAS,*01,F,QQQVRQSP-QSLTVWEGETAILNCSYEDST------FNYFPWYQQFPGEGPALLISIRSV---SDKKED-----GRFTIFFNKRE-KKLSLHITDSQPGDSATYFCAAS
TRAV14N-2,DST--FDY,IRPV-SNK,CAAS,*01,F,QQQVRQSP-QSLTVWEGETAILNCSYEDST------FDYFPWYWQFPRESPALLIAIRPV---SNKKED-----GRFTIFFNKRE-KKLSLHITDSQPGDSATYFCAAS
TRAV14N-3,NSA--FDY,IRSV-SDK,CAAS,*01,F,QQQVRQSS-QSLTVWEGETAILNCSYENSA------FDYFPWYQQFPGEGPALLIAIRSV---SDKKED-----GRFTIFFNKRE-KNLSLHIKDSQPGDSATYFCAAS
TRAV15-1/DV6-1,TSQV-LYH,QMPSTIAI,CALWEL,*01,F,AQKVIQVW-STTSRQEGEKLTLDCSYKTSQV-----LYHLFWYKHLLSGEMVLLIRQMPS--TIAIERS-----GRYSVVFQKSR-KSISLVISTLQPDDSGKYFCALWEL
TRAV15-2/DV6-2,TSEY-FYV,QTSFDTQN,CALSEL,*01,F,AQKVTQVQ-STGSSQWG-EVTLHCSYETSEY-----FYVILWYKQLFSGEMVFLIYQTSF--DTQNQRN-----SRYSVVFQKSL-KSISLVISASQPEDSGTYFCALSEL
TRAV15D-1/DV6D-1,TSQV-LYH,QMSSSTAK,CALWEL,*01,F,AQKVIQVW-STPSRQEGEELTLDCSYETSQV-----LYHLFWYKHLLSGEMVFLIRQMSS--STAKERS-----GRYSVVFQKSL-KSISLVISALQPDDSGKYFCALWEL
TRAV15D-2/DV6D-2,TSEY-FYC,QTSFDTQN,CALSEL,*01,F,AQRVTQVQ-PTGSSQWGEEVTLDCSYETSEY-----FYCIIWYRQLFSGEMVFLIYQTSF--DTQNQRN-----GRYSVVFQKSL-KSISLVISASQPEDSGTYFCALSEL
TRAV15N-1,TSQV-LYH,QTSSSTAK,CALWEL,*01,F,AEKVIQVW-STASRQEGEELTLDCSYETSQV-----LYHLFWYKHLLSGEMVFLIRQTSS--STAKERS-----GRYSVVFQKSL-KSISLIISALQPDDSGKYFCALWEL
TRAV15N-2,TSEY-FYR,QPSFDTQN,CALSEL,*01,F,AQRVTQVQ-PTGSSQWGEEVTLDCSYETSEY-----FYRIFWYRQLFSGEMVFLIYQPSF--DTQNQRS-----GRYSVVFQKSF-KSISLVISASQPEDSGTYFCALSEL
TRAV16,TQDS-SYF,QDSYKKEN,CAMRE,*01,F,AQKVTQTQ-TSISVMEKTTVTMDCVYETQDS-----SYFLFWYKQTASGEIVFLIRQDSY--KKENATV-----GHYSLNFQKPK-SSIGLIITATQIEDSAVYFCAMRE
TRAV16D/DV11,TQDS-SYF,QDSYKKEN,CAMRE,*01,F,AQKVTQTQ-TSISVMEKTTVTMDCVYETQDS-----SYFLFWYKQTASGEIVFLIRQDSY--KKENATV-----GHYSLNFQKPK-SSIGLIITATQIEDSAVYFCAMRE
TRAV16N,TRDS-SYF,QDSYKKEN,CAMRE,*01,F,AQKVTQTQ-TSISVVEKTTVTMDCVYETRDS-----SYFLFWYKQTASGEIVFLIRQDSY--KKENATV-----GHYSLNFQKPK-SSIGLIITATQIEDSAVYFCAMRE
TRAV17,YSA--APY,YITGDAVV,CALE,*01,F,AQSVDQPD-AHVTLYEGASLELRCSYSYSA------APYLFWYVQYPGQSLQFLLKYITG--DAVVKGT-----KGFEAEFRKSN-SSFNLKKSPAHWSDSAKYFCALE
TRAV18,TTF---PQ,LVKS-GEV,CAG,*01,ORF,TQRLEQSP-RFLSIQEGQDFTARCSSSTTF-------PQLYWYRQVPREGPVILVTLVKS---GEVKEQ-----KRMTAKFGEAR-KNSSLFIARAQPGDAGIYFCAG
TRAV19,NDM--FDY,VRSN-VDK,CAAG,*01,F,GQQVKQSS-PSLTVQEGGILILNCDYENDM------FDYFAWYKKYPDNSPTLLISVRSN---VDKRED-----GRFTVFLNKSG-KHFSLHITASQPEDTAVYLCAAG
TRAV2,NIAT-SEY,GYK---DY,CIVTD,*01,F,LAKTTQ-P-PSMEAYEGQEVNVSCSHTNIAT-----SEYIYWYRQVPHQGPQFIIQGYK-----DYVVN-----EVASLFISADR-KLSTLSLPWVSLRDAAVYYCIVTD
TRAV20,NAA--TNY,IRSN-VNR,CAPG,*01,P,QTL*CRAL-PS*MSGKKETALINCSYTNAA------TNYFPWYKKEEQKVFTLLIDIRSN---VNRKKE-----GRFEVILDRNV-KRVSLHITAARTEDSALYLCAPG
TRAV21/DV12,TISG-NEY,GLQ---QN,CILRV,*01,F,DAKTTQ-P-DSMESTEGETVHLPCSHATISG-----NEYIYWYRQVPLQGPEYVTHGLQ-----QNTTN-----SMAFLAIASDR-KSSTLILTHVSLRDAAVYHCILRV
TRAV3-1,DSA--TAY,VLSN-VDR,CAVS,*01,F,GEQVEQRP-PHLSVREGDSAIIICTYTDSA------TAYFSWYKQEAGAGLQLLMSVLSN---VDRKEE-----QGLTVLLNKKD-KRLSLNLTAAHPGDSAVYFCAVS
TRAV3-3,DPN--SYY,VFSS-TEI,CAVS,*01,F,GEQVEQRP-PHLSVREGDSAVITCTYTDPN------SYYFFWYKQEPGASLQLLMKVFSS---TEINEG-----QGFTVLLNKKD-KRLSLNLTAAHPGDSAAYFCAVS
TRAV3-4,DSA--TAY,VFSN-VDR,CAVS,*01,F,GEQVEQRP-PHLSVPEGDSAVIICTYTDSA------TAYFYWYKQEPGAGLQLLMSVFSN---VDRKEE-----QGLTVLLNKKD-KQLSLNLTAAHPGDSAVYFCAVS
TRAV3D-3,DPN--SYY,VFSS-TEI,CAVS,*01,F,GEQVEQRP-PHLSVREGDSAFITCTYTDPN------SYYFFWYKQEPGASLQLLMKVFSS---TEINEG-----QGFTVLLNKKD-KRLSLNLTAAHPGDSAAYFCAVS
TRAV3N-3,DPN--SYY,VFSS-TEI,CAVS,*01,F,GEQVEQRP-PHLSVREGDSAVIICTYTDPN------SYYFFWYKQEPGAGLQLLMKVFSS---TEINEG-----QGFTVLLNKKD-KQLSLNLTAAHPGDSAVYFCAVS
TRAV4-2,TTM---KS,LAQ---GT,CAAE,*01,F,GMPVEQNP-PALSLYEGADSGLRCNFSTTM-------KSVQWFQQNHRGRLITLFYLAQ-----GTKEN-----GRLKSTFNSKE-RYSTLHIKDAQLEDSGTYFCAAE
TRAV4-3,IAT---TT,LVP---GT,CAAE,*01,F,GDQVKQSP-SALSLQEGTNSALRCNFSIAT-------TTVQWFLQNPRGSLMNLFYLVP-----GTKEN-----GRLKSTFNSKE-SYSTLHIRDAQLEDSGTYFCAAE
TRAV4-4/DV10,TTM---RS,LAS---GT,CAAE,*01,F,GDQVEQSP-SALSLHEGTDSALRCNFTTTM-------RSVQWFRQNSRGSLISLFYLAS-----GTKEN-----GRLKSAFDSKERRYSTLHIRDAQLEDSGTYFCAAE
TRAV4D-2,TTM---KG,LAQ---GT,CAAE,*01,P,GMPVEQNP-PALSLYEGAESGLRCNFSTTM-------KGVQWFQQNHRGRFITLFYLAQ-----GTKEN-----GRLKSTFNS*E-RYSTLHIRDAQLEDSGTYFCAAE
TRAV4D-3,IAA---TT,LVP---GT,CAAE,*01,F,GDKVKQSP-SALSLQEGTNSALRCNFSIAA-------TTVQWFLQNPRGSLINLFYLVP-----GTKEN-----GRLKSTFNSKE-SYSTLHIRDAQLEDSGTYFCAAE
TRAV4D-4,TTT---RS,LAS---GT,CAAE,*01,F,GDQVEQSP-SALSLHEGTSSALRCNFTTTT-------RSVQWFRQNSRGSLINLFYLAS-----GTKEN-----GRLKSAFDSKE-LYSTLHIRDAQLEDSGTYFCAAE
TRAV4N-3,IAA---TT,LVP---GT,CAAE,*01,F,GDKVKQSP-SALSLQEGTNSALRCNFSIAA-------TTVQWFLQNPRGSLMNLFYLVP-----GTKEN-----GRLKSAFDSKE-SYSTLHIRDAQLEDSGTYFCAAE
TRAV4N-4,TTM---RA,LAS---GT,CAAE,*01,F,GDQVEQSP-SALSLHEGTGSALRCNFTTTM-------RAVQWFRKNSRGSLINLFYLAS-----GTKEN-----GRLKSAFDSKE-RYSTLHIRDAQLEDSGTYFCAAE
TRAV5-1,DSA--SVY,IRSN-MER,CSAS,*01,F,GEQVEQLP-SSLIVQEGASVLINCSYTDSA------SVYFPWYKQEPGKRLQFIIDIRSN---MERKQN-----QRLTLLFDKKT-KHLSLHITATQPGDSAIYFCSAS
TRAV5-2,NNA--SLC,IR*N-MER,CAES,*01,P,GKQVEQLP-SILRFKEGTNTLKNCIYVNNA------SLCFLWYKQEPGKHPTFVIDIR*N---MERKQS-----QRFIVLLNKKS-KHFSLHNTDNQPQD*AMYFCAES
TRAV5-4,NSA--SNY,IRSN-MER,CAAS,*01,F,GEQVEQLP-SILRVQERSSASINCTYENSA------SNYFPWYKQEPGENPKLIIDIRSN---MERKQI-----QGLIVLLDKKA-KRFSLHITDTQPADSAMYFCAAS
TRAV5D-2,NNA--LLC,IC*N-MER,*K,*01,P,GKQVELLP-SILRFKEGTNTLINCIYVNNA------LLCFLWYKQEPGKHLTFIIDIC*N---MERKQS-----QRFIVLLNKKS-KHFSLHNTDNQPQD*AMYF*K
TRAV5D-4,NSA--SNY,IRSN-MER,CAAS,*01,ORF,GEQVEQLP-SILRVQEGSSASINCTYENSA------SNYFPWYKQEPGENPKLIIDIRSN---MERKQT-----QGLIVLLDKKA-KRFSLHITDTQPGDSAMYFCAAS
TRAV5N-2,NNA--LLC,IC*N-MER,*K,*01,P,GKQVELLP-SILRFKEETNTLINCIYVNNA------LLCFLWYKQEPGKHPTFIIDIC*N---MERKQS-----QRFIVLLNKKS-KHFSLHNTDNQPQD*AMYF*K
TRAV5N-4,NSA--SNY,IRSN-MER,CAAS,*01,F,GEQVEQLP-SILRVQEGSSASINCTYENSA------SNYFPWYKQEPGENPKLIIDIRSN---MERKQT-----QGLIVLLDKKA-KRFSLHITDTQPGDSAMYFCAAS
TRAV6-1,TTW--YPT,VTTA-NNK,CVLG,*01,F,GDSVTQMQ-GQVTLSEDDFLFINCTYSTTW------YPTLFWYVQYPGEGPQLLLKVTTA---NNKGIS-----RGFEATYDKRT-TSFHLQKASVQESDSAVYYCVLG
TRAV6-2,TTG--YPT,VTTA-NNK,CVLG,*01,F,GNSVTQMQ-GQVTLSEEEFLFINCTYSTTG------YPTLFWYVQYPGEGPQLLLKVTTA---NNKGSS-----RGFEATYDKGT-TSFHLQKASVQESDSAVYYCVLG
TRAV6-3,TTG--YPT,VTTA-NNK,CAMR,*01,F,GDSVIQMQ-GQVTLSENDFLFINCTYSTTG------YPTLFWYVQYSGEGPQLLLQVTTA---NNKGSS-----RGFEATYDKGT-TSFHLQKTSVQEIDSAVYYCAMR
TRAV6-4,TTT--YPT,VTTA-NNK,CALV,*01,F,GDSVTQKQ-GQVTLSEDDFLFINCTYSTTT------YPTLLWYVQYPGQGPQLLLKVTTA---NNKGIS-----RGFEATYDKGT-TSFHLQKASVQESDSAVYFCALV
TRAV6-5,TKQ--YPT,VPKA-NEK,CALS,*01,F,GDSVTQTE-GPVTLSEGTSLTVNCSYETKQ------YPTLFWYVQYPGEGPQLLFKVPKA---NEKGSS-----RGFEATYNKEA-TSFHLQKASVQESDSAVYYCALS
TRAV6-6,TTSIAYPN,VITA-GQK,CALG,*01,F,GDSVTQTE-GQVTVSESKSLIINCTYSTTSI----AYPNLFWYVRYPGEGLQLLLKVITA---GQKGSS-----RGFEATYNKET-TSFHLQKASVQESDSAVYYCALG
TRAV6-7/DV9,ASG--YPA,ASRD-KEK,CALG,*01,F,GDSVTQTE-GQVALSEEDFLTIHCNYSASG------YPALFWYVQYPGEGPQFLFRASRD---KEKGSS-----RGFEATYNKET-TSFHLQKASVQESDSAVYYCALG
TRAV6D-3,TTG--YPT,VTTA-NNK,CAMR,*01,F,GDSVIQMQ-GQVTLSENDFLFINCTYSTTG------YPTLFWYVQYSGEGPQLLLQVTTA---NNKGSS-----RGFEATYDKGT-TSFHLQKTSVQEIDSAVYYCAMR
TRAV6D-4,TTT--YPT,VTTA-NNK,CALV,*01,F,GDSVTQKQ-GQVTLSEDDFLFINCTYSTTT------YPTLFWYVQYPGQGPQLLLKVTTA---NNKGIS-----RGFEATYDKGT-TSFHLQKASVQESDSAVYFCALV
TRAV6D-5,TKQ--YPT,VPKA-NEK,CALG,*01,F,GDSVTQTE-GPVTLSEGTSLTVNCSYETKQ------YPTLFWYVQYPGEGPQLLFKVPKA---NEKGSN-----RGFEATYNKEA-TSFHLQKASVQESDSAVYYCALG
TRAV6D-6,ATSIAYPN,VITA-GQK,CALS,*01,F,GDSVTQTE-GQVTVSESKSLIINCTYSATSI----AYPNLFWYVRYPGEGLQLLLKVITA---GQKGSS-----RGFEATYNKET-TSFHLQKASVQESDSAVYYCALS
TRAV6D-7,ASG--YPA,ASRD-KEK,CALS,*01,F,GDSVTQTE-GQVALSEEDFLTIHCNYSASG------YPALFWYVQYPGEGPQFLFRASRD---KEKGSS-----RGFEATYNKEA-TSFHLQKASVQESDSAVYYCALS
TRAV6N-5,TKQ--YPT,VPKA-NEK,CALG,*01,F,GDSVTQTE-GPVTLSEGTSLTVNCSYETKQ------YPTLFWYVQYPGEGPQLLFKVPKA---NEKGSN-----RGFEATYNKEA-TSFHLQKASVQESDSAVYYCALG
TRAV6N-6,TSI-GYPN,VITA-GQK,CALS,*01,F,GDSVTQTEGQVTVSESKSLIINCTYSATSI-----GYPNLFWYVRYPGEGLQLLLKVITA---GQKGSS-----RGFEATYNKEA-TSFHLQKASVQESDSAVYYCALS
TRAV6N-7,ASG--YPA,ASRD-KEK,CALG,*01,F,GDSVTQTE-GQVALSEEDFLTIHCNYSASG------YPALFWYVQYPGEGPQFLFRASRD---KEKGSS-----RGFEATYDKGT-TSFHLRKASVQESDSAVYYCALG
TRAV7-1,DRN--SQY,IFS--NGD,CAVS,*01,F,QQKVQQSP-ESLIVPEGGMASLNCTFSDRN------SQYFWWYRQHSGEGPKALMSIFS----NGDKKE-----GRFTAHLNKAS-LYVSLHIKDSQPSDSALYFCAVS
TRAV7-2,DRN--VDY,IFS--NGE,CAVS,*01,F,QQKVQQSP-ESLIVPEGGMASLNCTSSDRN------VDYFWWYRQRSGKSPKMLMAIFS----NGEKEE-----GRFTVHLNKAS-LHTSLHIRDSQPSDSALYFCAVS
TRAV7-3,DSA--SQY,IFS--NGE,CAVS,*01,F,QQNVQQSP-ESLIVPEGARTSLNCTFSDSA------SQYFWWYRQHSGKAPKALMSIFS----NGEKEE-----GRFTIHLNKAS-LHFSLHIRDSQPSDSALYLCAVS
TRAV7-4,DRN--FQY,IFS--DGD,CAASE,*01,F,QQKVQQSP-ESLSVPEGGMASFNCTSSDRN------FQYFWWYRQHSGEGPKALMSIFS----DGDKKE-----GRFTAHLNKAS-LHVSLHIRDSQPSDSALYFCAASE
TRAV7-5,DGT--SDN,IFS--DGE,CAMS,*01,F,QQKVQQSP-ESLTVSEGAMASLNCTFSDGT------SDNFRWYRQHSGKGLEVLVSIFS----DGEKEE-----GRFTAHLNRAS-LHVSLHIREPQPSDSAVYLCAMS
TRAV7-6,NSA--SQS,IFS--NGN,CAVS,*01,F,QEKVQQSP-ESLIVPEGAMASLNCTFSNSA------SQSIWWYQQHPGKGPEALISIFS----NGNKKE-----GRLTVYLNRAS-LHVSLHIRDSQPTDSAIYLCAVS
TRAV7D-2,DRN--VDY,IFS--NGE,CAAS,*01,F,QQKVQQSP-ESLIVPEGGMASLNCTSSDRN------VDYFWWYRQHSGKSPKMLMSIFS----NGEKEE-----GRFTVHLNKAS-LHTSLHIRDSQPSDSALYLCAAS
TRAV7D-3,DSA--SQY,IFS--NGE,CAVS,*01,F,QQKVQQSP-ESLIVPEGAMTSLNCTFSDSA------SQYFAWYRQHSGKAPKALMSIFS----NGEKEE-----GRFTIHLNKAS-LHFSLHIRDSQPSDSALYLCAVS
TRAV7D-4,DRN--FQY,IFS--DGD,CAASE,*01,F,QQKVQQSP-ESLSVPEGGMASLNCTSSDRN------FQYFWWYRQHSGEGPKALMSIFS----DGDKKE-----GRFTAHLNKAS-LHVSLHIRDSQPSDSALYFCAASE
TRAV7D-5,DGT--SDN,IFS--DGE,CAVS,*01,F,QQKVQQSP-ESLTVSEGAMASLNCTFSDGT------SDNFRWYRQHSGKGLEMLVSIFS----DGEKEE-----GRFTAHLNRAS-LHVSLHIREPQPSDSAVYLCAVS
TRAV7D-6,DSA--SQS,IFS--NGN,CAAS,*01,F,QEKVQQSP-ESLTVPEGAMASLNCTISDSA------SQSIWWYQQNPGKGPKALISIFS----NGNKKE-----GRLTVYLNRAS-LHVSLHIRDSHPSDSAVYLCAAS
TRAV7N-4,DRN--FQY,IFS--DGD,CAVSE,*01,F,QQKVQQSP-ESLSVPEGGMASLNCTSSDRN------FQYFWWYRQHSGEGPKALMSIFS----DGDKKE-----GRFTAHLNKAS-LHVSLHIRDSQPSDSALYFCAVSE
TRAV7N-5,DRS--SDN,IFS--DGE,CAVS,*01,F,QQKVQQSP-ESLTVSEGAMASLNCTFSDRS------SDNFRWYRQHSGKGLEVLVSIFS----DGEKEE-----GSFTAHLNRAS-LHVFLHIREPQPSDSALYLCAVS
TRAV7N-6,NSA--SQS,IFS--NGN,CAVS,*01,F,QEKVQQSP-ESLIVPEGAMSSLNCTFSNSA------SQSIWWYQQHPGKGPEALISIFS----NGNKKE-----GRLTVYLNRAS-LHVSLHIRDSQPSDSAVYLCAVS
TRAV8-1,TSI---TA,IRSN-ERE,CATD,*01,F,SQLAEENP-WALSVHEGESVTVNCSYKTSI-------TALQWYRQKSGEGPAQLILIRSN---EREKRN-----GRLRATLDTSS-QSSSLSITATRCEDTAVYFCATD
TRAV8-2,TYT---TV,IRSN-ERE,CATD,*01,F,SQWGEENL-QALSIQEGEDVTMNCSYKTYT-------TVVHWYRQDSGRGPALIILIRSN---EREKRS-----GRLRATLDTSS-QSSSLSITAAQCEDTAVYFCATD
TRAV8D-1,TSI---TA,IRSN-ERE,CATD,*01,F,SQLAEENL-WALSVHEGESVTVNCSYKTSI-------TALQWYRQKSGEGPAQLILIRSN---EREKRN-----GRLRATLDTSS-QSSSLSITATRCEDTAVYFCATD
TRAV8D-2,TYT---TV,IRSN-ERE,CATD,*01,F,SQWGEENL-QALSIQEGEDVTMNCSYKTYT-------TVVQWYRQKSGKGPALIILIRSN---EREKRS-----GRLRATLDTSS-QSSSLSITGTLATDTAVYFCATD
TRAV8N-2,TYT---TV,IRSN-ERE,CATD,*01,F,SQWGEENL-QALSIQEGEDVTMNCSYKTYT-------TVVQWYRQKSGKGPAQLILIRSN---EREKRS-----GRLRATLDTSS-QSSSLSITGTLATDTAVYFCATD
TRAV9-1,YGG--SIY,YYSGNPVV,CAVS,*01,F,TQTVSQSD-AHVTVFEGDSVELRCNYSYGG------SIYLSWYIQHHGRGLQFLLKYYSG--NPVVQGV-----NGFEAEFSKSD-SSFHLRKASVHWSDSAVYFCAVS
TRAV9-2,YSG--TPY,YYSGDPVV,CAAS,*01,F,AQSVTQPD-ARVTVSEGASLQLRCKYSYSG------TPYLFWYVQYPRQGLQLLLKYYSG--DPVVQGV-----NGFEAEFSKSD-SSFHLRKASVHWSDSAVYFCAAS
TRAV9-3,SSV--TPY,YYSGDPVV,CAVS,*01,F,AQSVTQPD-ARVTVSEGASLQLRCKYSSSV------TPYLFWYVQYPRQGLQLLLKYYSG--DPVVQGV-----NGFEAEFSKSN-SSFHLRKASVHWSDSAVYFCAVS
TRAV9-4,YSA--TPY,YYSGDPVV,CAVS,*01,F,AQSVTQPD-ARVTVSEGASLQLRCKYSYSA------TPYLFWYVQYPRQGLQLLLKYYSG--DPVVQGV-----NGFEAEFSKSN-SSFHLRKASVHWSDSAVYFCAVS
TRAV9D-1,YGG--SIY,YYSGNPVV,CAAS,*01,F,TQTVSQSD-AHVTVFEGDSVELRCNYSYGG------SIYLSWYIQHHGRGLQFLLKYYSG--NPVVQGV-----NGFEAEFSKSD-SSFHLRKASVHWSDSAVYFCAAS
TRAV9D-2,YSG--TPY,YYSGDPVV,CAVS,*01,F,AQSVTQPD-ARVTVSQGASLQLRCKYSYSG------TPYLFWYVQYPRQGLQLLLKYYSG--DPVVQGV-----NGFEAEFSKSN-SSFHPRKASVHWSDSAVYFCAVS
TRAV9D-3,YSA--TPY,YYSGDPVV,CAVS,*01,F,AQSVTQPD-ARVTVSEGASLQLRCKYSYSA------TPYLFWYVQYPRQGLQMLLKYYSG--DPVVQGV-----NGFEAEFSKSD-SSFHLRKASVHWSDSAVYFCAVS
TRAV9D-4,YSG--TPY,YYSGDPVV,CALS,*01,F,AQSVTQPD-ARVTVSEGASLQLRCKYSYSG------TPYLFWYVQYPRQGLQLLLKYYSG--DPVVQGV-----NGFEAEFSKSN-SSFHLRKASVHWSDSAVYFCALS
TRAV9N-2,SSG--TPY,YYSGDPVV,CVLS,*01,F,AQSVTQPD-ARVTVSEGASLQLRCKYSSSG------TPYLFWYVQYPRQGLQLLLKYYSG--DPVVQGV-----NGFEAEFSKSN-SSFHLRKASVHWSDSAVYFCVLS
TRAV9N-3,YFG--TPY,YYPGDPVV,CAVS,*01,F,AQSVTQPD-ARVTVSEGASLQLRCKYSYFG------TPYLFWYVQYPRQGLQLLLKYYPG--DPVVQGV-----NGFEAEFSKSN-SSFHLRKASVHWSDWAVYFCAVS
TRAV9N-4,YSA--TPY,YYSGDPVV,CALS,*01,F,AQSVTQPD-ARVTVSEGASLQLRCKYSYSA------TPYLFWYVQYPRQGLQLLLKYYSG--DPVVQGV-----NSFEAEFSKSN-SSFHLQKASVHWSDSAVYFCALS
